;;;Missing values;;;;;;;;;;;;;
;;;15-16;;16-17;;;17-18;;;18-19;;;;;
Variable name;Source;Type;3º;6º;3º;6º;4º;3º;6º;4º;6º;4º;Sensitive attribute;Important feature;Transformed variable;Description
id_student;Identifiers;ID;0%;0%;0%;0%;0%;0%;0%;0%;0%;0%;--;--;--;Student identifier
id_student_original;Identifiers;ID;1%;2%;0%;0%;0%;0%;0%;0%;1%;0%;--;--;--;Original student ID in the ACCUEE database. IDs might be repeated between years. Missing IDs are because the student questionnaire is missing, but principals, family or teacher questionnaires are available
id_year;Identifiers;ID;0%;0%;0%;0%;0%;0%;0%;0%;0%;0%;--;--;--;Academic year
id_grade;Identifiers;ID;0%;0%;0%;0%;0%;0%;0%;0%;0%;0%;--;--;--;Grade/level of education. Missing values are because the student questionnaire is missing, but principals, family or teacher questionnaires are available
id_class_group;Identifiers;ID;24%;22%;7%;8%;6%;5%;6%;6%;9%;6%;--;--;--;Class group
id_school;Identifiers;ID;0%;0%;0%;0%;6%;1%;0%;6%;0%;6%;--;--;--;School identifier
id_student_16_19;Identifiers;ID;14%;100%;100%;100%;100%;100%;100%;100%;12%;100%;--;--;--;Panel data information. Identifies the same student in third grade (15-16 academic year) and sixth grade (18-19 academic year)
id_school_16_19;Identifiers;ID;11%;9%;100%;100%;100%;100%;100%;100%;10%;79%;--;--;--;Panel data information. Identifies the same school in third grade (15-16 academic year) and sixth grade (18-19 academic year)
student_questionnaire;Info;Info;--;--;--;--;--;--;--;--;--;--;--;--;--;Identifies if the information of the student questionnaire is available
principals_questionnaire;Info;Info;--;--;--;--;--;--;--;--;--;--;--;--;--;Identifies if the information of the principals questionnaire is available
family_questionnaire;Info;Info;--;--;--;--;--;--;--;--;--;--;--;--;--;Identifies if the information of the family questionnaire is available
teachers_questionnaire;Info;Info;--;--;--;--;--;--;--;--;--;--;--;--;--;Identifies if the information of the teachers questionnaire is available
census;Info;Info;--;--;--;--;--;--;--;--;--;--;--;--;--;Identifies census (1) observations vs sample (0) observations
scores;Info;Info;--;--;--;--;--;--;--;--;--;--;--;--;--;Identifies if the information of the student scores is available
score_MAT;Student scores;Continuous;8%;10%;2%;3%;20%;4%;3%;23%;4%;26%;Yes;Yes;No;Score in Mathematics
level_MAT;Student scores;Categorical;8%;10%;2%;3%;20%;4%;3%;23%;4%;26%;Yes;Yes;No;Proficiency levels in Mathematics
score_LEN;Student scores;Continuous;8%;9%;2%;3%;8%;4%;2%;6%;5%;9%;Yes;Yes;No;Score in Spanish Language
level_LEN;Student scores;Categorical;8%;9%;2%;3%;8%;4%;2%;6%;5%;9%;Yes;Yes;No;Proficiency levels in Spanish Language
score_ING;Student scores;Continuous;100%;10%;100%;4%;12%;100%;2%;9%;4%;12%;Yes;Yes;No;Score in English
level_ING;Student scores;Categorical;100%;10%;100%;4%;12%;100%;2%;9%;4%;12%;Yes;Yes;No;Proficiency levels in English
a1;Student questionnaire;Categorical;4%;7%;7%;8%;6%;5%;6%;6%;1%;0%;Yes;Yes;No;Sex
a2;Student questionnaire;Categorical;11%;10%;7%;8%;7%;5%;6%;6%;100%;100%;No;No;No;Birth year
a3a;Student questionnaire;Categorical;13%;12%;7%;8%;6%;100%;100%;12%;100%;13%;No;No;No;Living with the mother
a3b;Student questionnaire;Categorical;19%;20%;7%;8%;6%;100%;100%;35%;100%;37%;No;No;No;Living the father
living_with_father_mother;Student questionnaire;Categorical;20%;21%;7%;8%;6%;100%;100%;39%;100%;41%;No;No;Yes;Transformation of a3a and a3b. Living with the father and the mother
a3c;Student questionnaire;Categorical;27%;28%;7%;8%;6%;100%;100%;48%;100%;52%;No;No;No;Living with brother/sister
a3d;Student questionnaire;Categorical;51%;54%;7%;8%;6%;100%;100%;91%;100%;92%;No;No;No;Living with other relatives
a3et;Student questionnaire;Categorical;58%;60%;7%;8%;6%;100%;100%;93%;100%;94%;No;No;No;Living with other people
a3f;Student questionnaire;Categorical;100%;100%;100%;100%;100%;100%;100%;99%;100%;99%;No;No;No;Living in foster homes
a4;Student questionnaire;Categorical;14%;18%;7%;8%;6%;5%;6%;100%;10%;100%;Yes;Yes;No;Has repeated one or two times
repeater;Student questionnaire;Categorical;14%;18%;7%;8%;6%;5%;6%;100%;10%;100%;Yes;Yes;Yes;Transformation of A4. Has repeated one or more times
a5;Student questionnaire;Categorical;12%;10%;7%;8%;100%;5%;6%;100%;10%;100%;No;Yes;No;Frequency has missed class unexcused this course
a6nm;Student questionnaire;Continuous;42%;31%;24%;21%;100%;100%;100%;100%;100%;100%;No;Yes;No;homework hours/day
a7;Student questionnaire;Categorical;10%;9%;7%;8%;100%;5%;6%;100%;10%;100%;No;Yes;No;homework days/week
a8a;Student questionnaire;Categorical;12%;11%;7%;8%;6%;100%;6%;6%;10%;6%;No;Yes;No;Frequency of computer use at home
a8b;Student questionnaire;Categorical;18%;15%;7%;8%;6%;100%;6%;6%;10%;7%;No;Yes;No;Frequency of computer use at school
a8c;Student questionnaire;Categorical;20%;17%;100%;8%;6%;100%;6%;6%;10%;7%;No;No;No;Frequency of computer use elsewhere
a09a;Student questionnaire;Categorical;100%;100%;100%;100%;100%;100%;100%;6%;100%;7%;No;No;No;Degree of agreement: Students pay attention to what the teachers say
a09b;Student questionnaire;Categorical;100%;100%;100%;100%;100%;100%;100%;6%;100%;7%;No;No;No;Degree of agreement: There is silence and order
a09c;Student questionnaire;Categorical;100%;100%;100%;100%;100%;100%;100%;6%;100%;7%;No;No;No;Degree of agreement: The teacher has to wait a long time for the students to shut up
a09d;Student questionnaire;Categorical;100%;100%;100%;100%;100%;100%;100%;6%;100%;7%;No;No;No;Degree of agreement: Students can work in good conditions
a09e;Student questionnaire;Categorical;100%;100%;100%;100%;100%;100%;100%;6%;100%;7%;No;No;No;Degree of agreement: Students do not start working long after the class has started
a9a;Student questionnaire;Categorical;12%;11%;100%;8%;6%;100%;6%;6%;10%;6%;No;No;No;Frequency I use the internet: information about studies
a9b;Student questionnaire;Categorical;15%;12%;100%;8%;6%;100%;6%;6%;10%;6%;No;No;No;Frequency I use the internet: play/search for info about games
a9c;Student questionnaire;Categorical;15%;13%;100%;8%;6%;100%;6%;6%;10%;6%;No;No;No;Frequency I use the internet: search for information on sports
a9d;Student questionnaire;Categorical;15%;12%;100%;8%;6%;100%;6%;6%;10%;6%;No;No;No;Frequency I use the Internet: search for information about music
a9e;Student questionnaire;Categorical;15%;12%;100%;8%;6%;100%;6%;6%;10%;6%;No;No;No;Frequency I use the Internet: search for information on other topics
a9f;Student questionnaire;Categorical;15%;12%;100%;8%;6%;100%;6%;6%;10%;6%;No;No;No;Frequency I use the internet: communicate with other people
a9g;Student questionnaire;Categorical;100%;100%;100%;8%;6%;100%;6%;6%;10%;6%;No;No;No;Frequency I use the internet: use of social media networks
a10a;Student questionnaire;Categorical;13%;11%;7%;8%;6%;5%;6%;6%;10%;7%;No;No;No;Work with teachers: they explain most of the class
a10b;Student questionnaire;Categorical;14%;12%;7%;8%;6%;6%;6%;6%;10%;7%;No;No;No;Work with teachers: we do presentations of certain topics
a10c;Student questionnaire;Categorical;14%;12%;7%;8%;6%;6%;6%;6%;10%;7%;No;No;No;Work with teachers: while they explain they ask us
a10d;Student questionnaire;Categorical;13%;11%;7%;8%;6%;6%;6%;6%;10%;7%;No;No;No;Work with teachers: while they explain, we ask them
a10e;Student questionnaire;Categorical;14%;12%;100%;8%;6%;100%;6%;6%;10%;7%;No;No;No;Work with teachers: we make debates
a10f;Student questionnaire;Categorical;13%;11%;7%;8%;6%;100%;6%;6%;10%;7%;No;No;No;Work with teachers: we do exercises
a10g;Student questionnaire;Categorical;14%;11%;7%;8%;6%;100%;6%;6%;10%;7%;No;No;No;Work with teachers: we work individually
a10h;Student questionnaire;Categorical;15%;12%;7%;8%;6%;6%;6%;6%;10%;7%;No;No;No;Work with teachers: we work in small groups
a10i;Student questionnaire;Categorical;15%;12%;100%;8%;6%;100%;6%;6%;10%;7%;No;No;No;Work with teachers: we take notes
a10j;Student questionnaire;Categorical;14%;11%;7%;8%;6%;100%;6%;6%;10%;7%;No;No;No;Work with teachers: we study individually and then they ask us
a10k;Student questionnaire;Categorical;14%;11%;100%;100%;100%;100%;100%;100%;100%;100%;No;No;No;Work with teachers: They introduce the activitities
a10l;Student questionnaire;Categorical;14%;11%;100%;100%;100%;100%;100%;100%;100%;100%;No;No;No;Work with teachers: they make us feel good
a10m;Student questionnaire;Categorical;100%;100%;100%;100%;6%;100%;100%;6%;100%;7%;No;No;No;Work with teachers: I listen to the explanation
a10n;Student questionnaire;Categorical;100%;100%;100%;100%;6%;100%;100%;6%;100%;7%;No;No;No;Work with teachers: I understand what they explain
a11a;Student questionnaire;Categorical;12%;11%;7%;8%;6%;6%;6%;6%;10%;7%;No;No;No;Materials in class: textbook
a11b;Student questionnaire;Categorical;13%;12%;7%;8%;6%;6%;6%;6%;10%;7%;No;No;No;Materials in class: library books
a11c;Student questionnaire;Categorical;14%;12%;7%;8%;6%;6%;6%;7%;10%;7%;No;No;No;Materials in class: newspapers or magazines
a11d;Student questionnaire;Categorical;14%;12%;7%;8%;6%;6%;6%;6%;10%;7%;No;No;No;Materials in class: computers or tablets
a11e;Student questionnaire;Categorical;14%;12%;7%;8%;6%;6%;6%;7%;10%;7%;No;No;No;Materials in class: videos
a11f;Student questionnaire;Categorical;14%;12%;7%;8%;100%;100%;6%;100%;10%;100%;No;No;No;Materials in class: school agenda
a11g;Student questionnaire;Categorical;14%;12%;100%;100%;100%;100%;100%;100%;100%;100%;No;No;No;Materials in class: material prepared by the teacher
a11h;Student questionnaire;Categorical;13%;11%;7%;8%;6%;6%;6%;6%;10%;7%;No;No;No;Materials in class: digital whiteboard
a12a;Student questionnaire;Categorical;12%;11%;100%;8%;6%;100%;6%;7%;11%;7%;No;No;No;Evaluation: They ask us about what we know before starting a topic
a12b;Student questionnaire;Categorical;13%;11%;100%;8%;6%;100%;6%;7%;11%;7%;No;No;No;Evaluation: We are examined after each topic
a12c;Student questionnaire;Categorical;14%;12%;100%;8%;6%;100%;6%;7%;11%;7%;No;No;No;Evaluation: We have a single exam in each trimester
a12d;Student questionnaire;Categorical;14%;12%;100%;8%;6%;100%;6%;7%;11%;7%;No;No;No;Evaluation: They correct our homework and notebooks
a12e;Student questionnaire;Categorical;14%;12%;100%;8%;6%;100%;6%;7%;11%;7%;No;No;No;Evaluation: They review the activities that we do in class
a12f;Student questionnaire;Categorical;14%;12%;100%;8%;6%;100%;6%;7%;11%;7%;No;No;No;Evaluation: We have oral exams
a12g;Student questionnaire;Categorical;14%;12%;100%;8%;6%;100%;6%;7%;11%;7%;No;No;No;Evaluation: They take into account our self-evaluation
a12h;Student questionnaire;Categorical;14%;11%;100%;8%;6%;100%;6%;7%;11%;7%;No;No;No;Evaluation: They value interest and participation in class
a12i;Student questionnaire;Categorical;14%;11%;100%;8%;6%;100%;6%;7%;11%;7%;No;No;No;Evaluation: Our behavior influences the scores
a13a;Student questionnaire;Categorical;12%;11%;100%;100%;100%;100%;100%;100%;100%;100%;No;No;No;Degree of agreement: We get along  with teachers
a13b;Student questionnaire;Categorical;13%;11%;100%;100%;100%;100%;100%;100%;100%;100%;No;No;No;Degree of agreement: Teachers care about us
a13c;Student questionnaire;Categorical;13%;11%;100%;100%;100%;100%;100%;100%;100%;100%;No;No;No;Degree of agreement: Teachers listen to us
a13d;Student questionnaire;Categorical;13%;11%;100%;100%;100%;100%;100%;100%;100%;100%;No;No;No;Degree of agreement: I receive help from my teachers
a13e;Student questionnaire;Categorical;13%;11%;7%;8%;6%;100%;6%;6%;11%;6%;No;No;No;Degree of agreement: The teachers are fair
a14a;Student questionnaire;Categorical;12%;11%;7%;8%;6%;6%;6%;6%;10%;6%;No;Yes;No;Degree of agreement: I make friends easily
a14b;Student questionnaire;Categorical;14%;12%;7%;8%;6%;100%;6%;6%;10%;6%;No;Yes;No;Degree of agreement: I feel comfortable with my classmates
a14c;Student questionnaire;Categorical;16%;14%;100%;100%;100%;100%;100%;100%;100%;100%;No;Yes;No;Degree of agreement: I feel alone
a14d;Student questionnaire;Categorical;14%;12%;7%;8%;6%;100%;6%;100%;11%;100%;No;Yes;No;Degree of agreement: My classmates leave me out of their games
a14e;Student questionnaire;Categorical;13%;11%;7%;8%;6%;100%;6%;6%;11%;7%;No;Yes;No;Degree of agreement: I am afraid of my classmates
a14f;Student questionnaire;Categorical;13%;11%;7%;8%;6%;100%;6%;6%;11%;6%;No;Yes;No;Degree of agreement: The attitude of my classmates towards me bothers me
a14g;Student questionnaire;Categorical;13%;11%;7%;8%;100%;100%;6%;100%;11%;100%;No;Yes;No;Degree of agreement: I like to be with my classmates
a14h;Student questionnaire;Categorical;13%;11%;7%;8%;6%;6%;6%;6%;11%;7%;No;Yes;No;Degree of agreement: My classmates help me in class
a15a;Student questionnaire;Categorical;12%;11%;7%;8%;100%;100%;6%;100%;11%;100%;No;No;No;Degree of agreement: I know what my teachers expect me to do
a15b;Student questionnaire;Categorical;13%;11%;7%;8%;100%;5%;6%;100%;11%;100%;No;No;No;Degree of agreement: It is easy to understand my teachers
a15c;Student questionnaire;Categorical;13%;11%;7%;8%;100%;100%;6%;100%;11%;100%;No;No;No;Degree of agreement: I am interested in what my teachers say
a15d;Student questionnaire;Categorical;13%;11%;7%;8%;100%;6%;6%;100%;11%;100%;No;No;No;Degree of agreement: My teachers propose interesting things
a15e;Student questionnaire;Categorical;13%;11%;7%;8%;100%;100%;6%;100%;11%;100%;No;No;No;Degree of agreement: My teachers clearly answer my questions
a15f;Student questionnaire;Categorical;13%;11%;7%;8%;100%;6%;6%;100%;11%;100%;No;No;No;Degree of agreement: My teachers are good at explaining
a15g;Student questionnaire;Categorical;13%;11%;7%;8%;100%;100%;6%;100%;11%;100%;No;No;No;Degree of agreement: My teachers let me demonstrate what I have learned
a15h;Student questionnaire;Categorical;13%;11%;7%;8%;100%;100%;6%;100%;11%;100%;No;No;No;Degree of agreement: My teachers do different things to help us learn
a15i;Student questionnaire;Categorical;13%;11%;7%;8%;100%;5%;6%;100%;11%;100%;No;No;No;Degree of agreement: My teachers tell me how to improve when I am wrong
a15j;Student questionnaire;Categorical;13%;11%;7%;8%;100%;100%;6%;100%;11%;100%;No;No;No;Degree of agreement: My teachers listen to me
a16a;Student questionnaire;Categorical;12%;11%;100%;100%;100%;100%;100%;100%;100%;100%;No;No;No;Degree of agreement: The activities are fun
a16b;Student questionnaire;Categorical;13%;11%;7%;8%;6%;6%;6%;6%;10%;7%;No;No;No;Degree of agreement: The teacher is happy with the group
a16c;Student questionnaire;Categorical;13%;11%;7%;8%;6%;6%;6%;6%;10%;7%;No;No;No;Degree of agreement: Students participate in decision-making
a16d;Student questionnaire;Categorical;13%;11%;100%;100%;6%;100%;100%;100%;100%;100%;No;No;No;Degree of agreement: Students help each other
a16e;Student questionnaire;Categorical;13%;11%;7%;8%;6%;6%;6%;6%;10%;7%;No;No;No;Degree of agreement: In my class they respect me and I feel safe
a16f;Student questionnaire;Categorical;13%;11%;7%;8%;100%;5%;6%;100%;10%;100%;No;No;No;Degree of agreement: I like the organization and decoration of my class
a16g;Student questionnaire;Categorical;13%;11%;7%;8%;100%;6%;6%;100%;10%;100%;No;No;No;Degree of agreement: I really like working in class
a16h;Student questionnaire;Categorical;13%;11%;7%;8%;6%;6%;6%;6%;11%;7%;No;No;No;Degree of agreement: In class there is a good working environment
a16i;Student questionnaire;Categorical;100%;100%;100%;100%;6%;100%;100%;6%;100%;7%;No;No;No;Degree of agreement: I really like the work in mathematics
a16j;Student questionnaire;Categorical;100%;100%;100%;100%;6%;100%;100%;6%;100%;7%;No;No;No;Degree of agreement:  I really like the spanish language work
a16k;Student questionnaire;Categorical;100%;100%;100%;100%;6%;100%;6%;100%;11%;100%;No;No;No;Degree of agreement: I really like the english work
a16l;Student questionnaire;Categorical;100%;100%;100%;100%;6%;100%;100%;6%;100%;7%;No;No;No;Degree of agreement: I really like the work in geography and history
a17a;Student questionnaire;Categorical;12%;10%;7%;8%;6%;100%;6%;6%;11%;6%;No;No;No;Degree of agreement: In my school there are appropriate rules/norms
a17b;Student questionnaire;Categorical;12%;11%;100%;100%;100%;100%;100%;100%;100%;100%;No;Yes;No;Degree of agreement: My school is very good
a17c;Student questionnaire;Categorical;13%;11%;7%;8%;6%;100%;6%;6%;11%;6%;No;Yes;No;Degree of agreement: I like being in this school
a17d;Student questionnaire;Categorical;13%;11%;7%;8%;6%;100%;6%;6%;11%;6%;No;Yes;No;Degree of agreement: I would like to change to other school
a17e;Student questionnaire;Categorical;13%;11%;7%;8%;6%;100%;6%;6%;11%;6%;No;Yes;No;Degree of agreement: I feel safe in this school
a17f;Student questionnaire;Categorical;13%;11%;7%;8%;6%;100%;6%;6%;11%;6%;No;Yes;No;Degree of agreement: I feel part of this school
a17g;Student questionnaire;Categorical;13%;11%;7%;8%;6%;100%;6%;6%;11%;6%;No;Yes;No;Degree of agreement: I am proud to go to this school
a17h;Student questionnaire;Categorical;13%;11%;7%;8%;100%;100%;6%;100%;11%;100%;No;Yes;No;Degree of agreement: I learn a lot at school
a20a;Student questionnaire;Categorical;100%;100%;7%;8%;100%;6%;6%;100%;11%;100%;No;Yes;No;Degree of agreement: I am a good student in mathematics
a20b;Student questionnaire;Categorical;100%;100%;7%;8%;100%;100%;100%;100%;100%;100%;No;Yes;No;Degree of agreement: I wish I did not have mathematics
a20c;Student questionnaire;Categorical;100%;100%;7%;8%;100%;6%;6%;100%;11%;100%;No;Yes;No;Degree of agreement: Mathematics is more difficult for me than for my classmates
a20d;Student questionnaire;Categorical;100%;100%;7%;8%;100%;6%;6%;100%;11%;100%;No;Yes;No;Degree of agreement: Mathematics is more difficult than other subjects
a20e;Student questionnaire;Categorical;100%;100%;7%;8%;100%;6%;6%;100%;11%;100%;No;Yes;No;Degree of agreement: I like studying in the math class
a21a;Student questionnaire;Categorical;100%;100%;7%;8%;100%;100%;100%;100%;100%;100%;No;Yes;No;Degree of agreement: I read because I have to
a21b;Student questionnaire;Categorical;100%;100%;7%;8%;100%;6%;6%;100%;11%;100%;No;Yes;No;Degree of agreement: I read very well
a21c;Student questionnaire;Categorical;100%;100%;7%;8%;100%;6%;6%;100%;11%;100%;No;Yes;No;Degree of agreement: Language is more difficult for me than for my classmates
a21d;Student questionnaire;Categorical;100%;100%;7%;8%;100%;100%;100%;100%;100%;100%;No;Yes;No;Degree of agreement: It is difficult for me to read
a21e;Student questionnaire;Categorical;100%;100%;7%;8%;100%;6%;6%;100%;11%;100%;No;Yes;No;Degree of agreement: Language is more difficult than other subjects
a22a;Student questionnaire;Categorical;100%;100%;100%;8%;100%;100%;6%;100%;11%;100%;No;Yes;No;Degree of agreement: I am a good student in Natural Sciences
a22b;Student questionnaire;Categorical;100%;100%;100%;8%;100%;100%;100%;100%;100%;100%;No;Yes;No;Degree of agreement: I wish I dit not have Nature Sciences
a22c;Student questionnaire;Categorical;100%;100%;100%;8%;100%;100%;6%;100%;11%;100%;No;Yes;No;Degree of agreement: Natural Sciences is more difficult for me than for my classmates
a22d;Student questionnaire;Categorical;100%;100%;100%;8%;100%;100%;6%;100%;11%;100%;No;Yes;No;Degree of agreement: Natural Sciences is more difficult than other subjects
a23a;Student questionnaire;Categorical;100%;100%;100%;100%;6%;100%;100%;7%;100%;7%;No;Yes;No;Degree of agreement: I am concerned that the written tests are difficult
a23b;Student questionnaire;Categorical;100%;100%;100%;100%;6%;100%;100%;7%;100%;7%;No;Yes;No;Degree of agreement: In the written tests I feel very nervous
a23c;Student questionnaire;Categorical;100%;100%;100%;100%;6%;100%;100%;7%;100%;7%;No;Yes;No;Degree of agreement: I want to have the best scores in my class
a23d;Student questionnaire;Categorical;100%;100%;100%;100%;6%;100%;100%;7%;100%;7%;No;Yes;No;Degree of agreement: I want to have the best scores possible
a23e;Student questionnaire;Categorical;100%;100%;100%;100%;6%;100%;100%;7%;100%;7%;No;No;No;Degree of agreement: I prefer to work individually than in a group
a23f;Student questionnaire;Categorical;100%;100%;100%;100%;6%;100%;100%;100%;100%;100%;No;No;No;Degree of agreement: I listen to others
a23g;Student questionnaire;Categorical;100%;100%;100%;100%;6%;100%;100%;7%;100%;7%;No;No;No;Degree of agreement: I like to know different points of view
a23h;Student questionnaire;Categorical;100%;100%;100%;100%;6%;100%;100%;7%;100%;7%;No;No;No;Degree of agreement: I take into account the opinions and interests of my classmates
a23i;Student questionnaire;Categorical;100%;100%;100%;100%;6%;100%;100%;100%;100%;100%;No;No;No;Degree of agreement: I like cooperative work
a23j;Student questionnaire;Categorical;100%;100%;100%;100%;6%;100%;100%;7%;100%;7%;No;No;No;Degree of agreement: Better decisions are taken in a group than individually
a23k;Student questionnaire;Categorical;100%;100%;100%;100%;100%;100%;100%;7%;100%;7%;No;Yes;No;Degree of agreement: I am happy with the scores I have
a24;Student questionnaire;Categorical;100%;100%;100%;100%;8%;100%;100%;7%;100%;7%;Yes;Yes;No;Studies that I will do next year
a40a;Student questionnaire;Categorical;100%;100%;100%;100%;6%;100%;100%;6%;100%;7%;No;Yes;No;Degree of agreement: I use social media networks with my classmates
a40b;Student questionnaire;Categorical;100%;100%;100%;100%;6%;100%;100%;6%;100%;7%;No;Yes;No;Degree of agreement: I am affected by the use of social media networks in my day-to-day life at the school
a40c;Student questionnaire;Categorical;100%;100%;100%;100%;6%;100%;100%;6%;100%;7%;No;Yes;No;Degree of agreement: I have ever felt hurt on social media networks
a40d;Student questionnaire;Categorical;100%;100%;100%;100%;100%;100%;100%;6%;100%;7%;No;Yes;No;Degree of agreement: I dedicate a lot of time in my day to day to the use of social media networks
a41;Student questionnaire;Categorical;100%;100%;100%;100%;6%;100%;100%;7%;100%;8%;Yes;Yes;No;I repeated in primary education
a42;Student questionnaire;Categorical;100%;100%;100%;100%;6%;100%;100%;6%;100%;7%;Yes;Yes;No;I repeated in secondary education
a51;Student questionnaire;Categorical;100%;100%;100%;100%;6%;100%;100%;6%;100%;6%;No;Yes;No;Unexcused absences during trimester
a61;Student questionnaire;Categorical;39%;25%;43%;23%;6%;100%;100%;6%;100%;6%;No;Yes;No;Homework hours per week
a71;Student questionnaire;Categorical;100%;100%;100%;100%;100%;100%;6%;100%;10%;100%;No;Yes;No;Homework time per day
a111a;Student questionnaire;Categorical;100%;100%;100%;100%;100%;6%;6%;100%;10%;100%;No;No;No;Degree of agreement: Use of activity booklet
a141g;Student questionnaire;Categorical;100%;100%;100%;100%;6%;100%;100%;6%;100%;6%;No;No;No;Degree of agreement: I have a good relationship with my classmates
a144d;Student questionnaire;Categorical;100%;100%;100%;100%;100%;100%;100%;6%;100%;6%;No;No;No;Degree of agreement: My classmates leave me out of their conversations
a144h;Student questionnaire;Categorical;100%;100%;100%;100%;100%;100%;100%;6%;100%;7%;No;No;No;Degree of agreement: We help each other in class
a160k;Student questionnaire;Categorical;100%;100%;100%;100%;100%;100%;6%;100%;11%;100%;No;Yes;No;Degree of agreement: I am a good student in English
a162k;Student questionnaire;Categorical;100%;100%;100%;100%;100%;100%;6%;100%;11%;100%;No;Yes;No;Degree of agreement: English is more difficult for me than for my classmates
a163k;Student questionnaire;Categorical;100%;100%;100%;100%;100%;100%;6%;100%;11%;100%;No;Yes;No;Degree of agreement: English is more difficult than other subjects
a166f;Student questionnaire;Categorical;100%;100%;100%;100%;100%;6%;100%;100%;100%;100%;No;Yes;No;Degree of agreement: Some classmate treats me badly
a166k;Student questionnaire;Categorical;100%;100%;100%;100%;100%;100%;100%;6%;100%;7%;No;Yes;No;Degree of agreement: I like the work I do in English classes and I find it interesting
a171h;Student questionnaire;Categorical;100%;100%;100%;100%;6%;100%;100%;6%;100%;6%;No;Yes;No;Degree of agreement: The education I receive is good
a177d;Student questionnaire;Categorical;100%;100%;100%;100%;100%;6%;100%;100%;100%;100%;No;Yes;No;Degree of agreement: I would like to change to other class group
a211a;Student questionnaire;Categorical;100%;100%;100%;100%;100%;6%;6%;100%;11%;100%;No;Yes;No;Degree of agreement: I like to read
a222b;Student questionnaire;Categorical;100%;100%;100%;100%;100%;100%;6%;100%;11%;100%;No;Yes;No;Degree of agreement: I like studying Natural Sciences
country_iso_cnac;Student questionnaire;Categorical;100%;100%;9%;14%;15%;7%;10%;11%;100%;100%;Yes;Yes;No;Birth country ISO
country_iso_nac;Student questionnaire;Categorical;100%;100%;8%;12%;11%;5%;6%;8%;100%;100%;Yes;Yes;No;Nationality country ISO
Weight;Student questionnaire;Continuous;100%;100%;0%;0%;0%;0%;0%;0%;100%;6%;No;No;No;Weight for the sample observations
d1;School principals questionnaire;Categorical;9%;8%;100%;100%;100%;8%;9%;7%;14%;8%;No;No;No;Sex
d2n;School principals questionnaire;Continuous;9%;8%;7%;10%;13%;8%;11%;7%;14%;8%;No;No;No;Age
d3n;School principals questionnaire;Continuous;10%;9%;7%;10%;13%;8%;11%;7%;14%;8%;No;No;No;Year of teaching experience
d4n;School principals questionnaire;Continuous;9%;8%;7%;10%;13%;8%;11%;7%;14%;8%;No;No;No;Years in the school
d5n;School principals questionnaire;Continuous;10%;9%;7%;10%;13%;8%;10%;7%;14%;8%;No;No;No;Years of experience as a principal
d6n;School principals questionnaire;Continuous;10%;8%;7%;10%;13%;8%;11%;7%;14%;8%;No;No;No;Years of experience as a principal in the school
d7n;School principals questionnaire;Continuous;14%;12%;24%;26%;16%;8%;9%;7%;14%;8%;No;No;No;Number of weekly class hours 
d8n;School principals questionnaire;Continuous;10%;8%;7%;10%;13%;8%;11%;7%;14%;8%;No;No;No;Principals that the center has had in the last 10 years
d9a1;School principals questionnaire;Continuous;28%;27%;7%;10%;13%;8%;9%;7%;100%;100%;No;No;No;Total number of students
d9a2;School principals questionnaire;Continuous;26%;25%;8%;10%;13%;8%;13%;7%;100%;100%;No;No;No;Total number of groups
d9b1;School principals questionnaire;Continuous;11%;9%;8%;11%;80%;8%;10%;80%;100%;100%;No;No;No;Total number of preschool students
d9b2;School principals questionnaire;Continuous;12%;10%;22%;30%;80%;22%;26%;80%;100%;100%;No;No;No;Total number of preschool groups
d9c1;School principals questionnaire;Continuous;10%;8%;7%;10%;80%;8%;9%;80%;100%;100%;No;No;No;Total number of primary education students
d9c2;School principals questionnaire;Continuous;11%;10%;17%;26%;80%;20%;20%;79%;100%;100%;No;No;No;Total number of primary education groups
d9d1;School principals questionnaire;Continuous;10%;10%;7%;100%;100%;8%;100%;100%;100%;100%;No;No;No;Total number of 3rd grade students
d9d2;School principals questionnaire;Continuous;14%;13%;7%;100%;100%;8%;100%;100%;100%;100%;No;No;No;Total number of 3rd grade groups
d9e1;School principals questionnaire;Continuous;12%;10%;100%;10%;100%;100%;9%;100%;100%;100%;No;No;No;Total number of 6th grade students
d9e2;School principals questionnaire;Continuous;14%;12%;100%;10%;100%;100%;9%;100%;100%;100%;No;No;No;Total number of 6th grade groups
d9f1;School principals questionnaire;Continuous;77%;77%;80%;80%;13%;72%;76%;7%;100%;100%;No;No;No;Total number of mandadory secondary education students
d9f2;School principals questionnaire;Continuous;78%;77%;80%;80%;14%;72%;76%;7%;100%;100%;No;No;No;Total number of mandadory secondary education groups
d9g1;School principals questionnaire;Continuous;99%;99%;100%;100%;100%;100%;100%;100%;100%;100%;No;No;No;Total number of students in Qualification Programs
d9g2;School principals questionnaire;Continuous;99%;99%;100%;100%;100%;100%;100%;100%;100%;100%;No;No;No;Total number of groups in Qualification Programs
d9h1;School principals questionnaire;Continuous;100%;100%;100%;100%;13%;100%;100%;7%;100%;100%;No;No;No;Total number of 4th grade of mandatory secondary education students
d9h2;School principals questionnaire;Continuous;100%;100%;100%;100%;13%;100%;100%;7%;100%;100%;No;No;No;Total number of 4th grade of mandatory secondary education groups
d10a;School principals questionnaire;Continuous;9%;7%;7%;100%;100%;8%;100%;100%;100%;100%;No;Yes;No;3rd grade ratio
d10b;School principals questionnaire;Continuous;9%;7%;100%;10%;100%;100%;9%;100%;100%;100%;No;Yes;No;6th grade ratio
d10c;School principals questionnaire;Continuous;100%;100%;100%;100%;13%;100%;100%;7%;100%;100%;No;Yes;No;4th grade of mandatory secondary ESO Ratio
d11an;School principals questionnaire;Continuous;16%;14%;7%;10%;13%;8%;12%;7%;15%;8%;No;No;No;Students born in another country with a language  other than Spanish
d11bn;School principals questionnaire;Continuous;17%;16%;12%;13%;15%;8%;12%;7%;15%;8%;No;No;No;Students born in another country with the same language  as Spanish
d12an;School principals questionnaire;Continuous;10%;9%;100%;100%;100%;100%;100%;100%;100%;100%;No;No;No;Teachers of the evaluated grade
d12bn;School principals questionnaire;Continuous;10%;8%;7%;10%;13%;8%;11%;7%;16%;10%;No;No;No;Total teachers of the school
d13n;School principals questionnaire;Continuous;12%;10%;100%;100%;100%;100%;100%;100%;100%;100%;No;No;No;Among the teachers, how many have been in the school five or more years?
d14;School principals questionnaire;Categorical;9%;8%;7%;10%;13%;8%;11%;7%;15%;8%;No;Yes;No;Teachers who change school each year
d15;School principals questionnaire;Categorical;10%;8%;7%;10%;13%;8%;11%;7%;15%;8%;No;No;No;Administration attitude to teacher training courses
d16an;School principals questionnaire;Continuous;11%;10%;7%;10%;13%;9%;11%;7%;16%;8%;No;No;No;School resources. Available computers
d16bn;School principals questionnaire;Continuous;10%;9%;7%;10%;13%;9%;11%;7%;16%;8%;No;No;No;School resources. Computers available to students
d16cn;School principals questionnaire;Continuous;10%;8%;7%;10%;13%;9%;11%;7%;16%;8%;No;No;No;School resources. Computers available for teachers
d16dn;School principals questionnaire;Continuous;9%;8%;7%;10%;13%;8%;11%;7%;16%;8%;No;No;No;School resources. Computers for the administrative management of the school
d16en;School principals questionnaire;Continuous;100%;100%;7%;10%;13%;8%;11%;7%;16%;8%;No;No;No;School resources. Tablets/laptops available to students
d16fn;School principals questionnaire;Continuous;100%;100%;7%;10%;13%;8%;11%;7%;16%;8%;No;No;No;School resources. Interactive digital whiteboards or touch screens in classrooms
d17a;School principals questionnaire;Categorical;9%;8%;7%;10%;13%;8%;11%;7%;15%;8%;No;No;No;Factors that limit the effectiveness of my management. Lack of budget and resources
d17b;School principals questionnaire;Categorical;10%;9%;7%;10%;13%;8%;11%;7%;15%;8%;No;No;No;Factors that limit the effectiveness of my management. Lack of attendance of the teachers
d17c;School principals questionnaire;Categorical;10%;8%;7%;10%;13%;8%;11%;7%;15%;8%;No;No;No;Factors that limit the effectiveness of my management. Lack of participation and support of families
d17d;School principals questionnaire;Categorical;9%;8%;7%;10%;13%;8%;11%;7%;15%;8%;No;No;No;Factors that limit the effectiveness of my management. Lack of teacher training plan in my school for teachers
d17e;School principals questionnaire;Categorical;10%;8%;7%;10%;13%;8%;11%;7%;15%;8%;No;No;No;Factors that limit the effectiveness of my management. Lack of opportunities/support for professional development of the management team
d17f;School principals questionnaire;Categorical;9%;8%;7%;10%;13%;8%;11%;7%;16%;8%;No;No;No;Factors that limit the effectiveness of my management. Lack of agility to cover teacher absences
d17g;School principals questionnaire;Categorical;9%;8%;7%;10%;13%;8%;11%;7%;16%;8%;No;No;No;Factors that limit the effectiveness of my management. Lack of coordination between members of the management team
d17h;School principals questionnaire;Categorical;9%;8%;7%;10%;13%;8%;11%;7%;16%;8%;No;No;No;Factors that limit the effectiveness of my management. Lack of autonomy to make decisions
d18a;School principals questionnaire;Categorical;9%;8%;7%;10%;13%;8%;11%;7%;15%;8%;No;Yes;No;It is an inconvenience in your school: Lack of good/qualified teachers
d18b;School principals questionnaire;Categorical;9%;8%;7%;10%;13%;8%;11%;7%;15%;8%;No;Yes;No;It is an inconvenience in your school: Lack of teachers trained to teach students with special educational needs
d18c;School principals questionnaire;Categorical;10%;8%;7%;10%;13%;8%;11%;7%;15%;8%;No;Yes;No;It is an inconvenience in your school: Lack or inadequate teaching material
d18d;School principals questionnaire;Categorical;10%;9%;7%;10%;13%;8%;11%;7%;15%;8%;No;Yes;No;It is an inconvenience in your school: Lack or inadequacy of technological devices for teaching
d18e;School principals questionnaire;Categorical;9%;8%;7%;10%;13%;8%;11%;7%;15%;8%;No;Yes;No;It is an inconvenience in your school: Poor internet connection
d18f;School principals questionnaire;Categorical;9%;8%;7%;10%;13%;8%;11%;7%;15%;8%;No;Yes;No;It is an inconvenience in your school: Lack or inadequacy of software for teaching
d18g;School principals questionnaire;Categorical;9%;8%;7%;10%;13%;8%;11%;9%;15%;8%;No;Yes;No;It is an inconvenience in your school: Lack or inadequacy of library materials
d18h;School principals questionnaire;Categorical;10%;8%;7%;10%;13%;8%;11%;7%;15%;8%;No;Yes;No;It is an inconvenience in your school: Lack of support teachers
d18i;School principals questionnaire;Categorical;9%;8%;7%;10%;13%;8%;11%;7%;15%;8%;No;Yes;No;It is an inconvenience in your school: Lack of administrative staff
d18j;School principals questionnaire;Categorical;10%;8%;7%;10%;13%;8%;11%;7%;15%;8%;No;Yes;No;It is an inconvenience in your school: Lack of adequate infrastructure
d18k;School principals questionnaire;Categorical;9%;8%;7%;10%;13%;8%;11%;7%;16%;10%;No;Yes;No;It is an inconvenience in your school: Lack of teacher collaboration
d18l;School principals questionnaire;Categorical;9%;8%;7%;10%;13%;8%;11%;7%;16%;10%;No;Yes;No;It is an inconvenience in your school: Lack of collaboration from families
d18m;School principals questionnaire;Categorical;9%;8%;7%;10%;13%;8%;11%;9%;16%;10%;No;Yes;No;It is an inconvenience in your school: Administrative bureaucracy
d18n;School principals questionnaire;Categorical;100%;100%;100%;100%;100%;8%;11%;9%;16%;10%;No;Yes;No;It is an inconvenience in your school: Lack of computers in the classroom or for students.
d19a;School principals questionnaire;Categorical;9%;8%;7%;10%;13%;8%;11%;9%;16%;10%;No;No;No;It is a problem in your school because of the students: Arriving late to the school
d19b;School principals questionnaire;Categorical;9%;8%;7%;10%;13%;8%;11%;9%;16%;10%;No;No;No;It is a problem in your school because of the students: Absenteeism (unexcused absences)
d19c;School principals questionnaire;Categorical;9%;8%;7%;10%;13%;8%;11%;9%;16%;10%;No;No;No;It is a problem in your school because of the students: Disruption of order in class
d19d;School principals questionnaire;Categorical;10%;8%;7%;10%;13%;8%;11%;9%;16%;10%;No;No;No;It is a problem in your school because of the students: Vandalism and theft
d19e;School principals questionnaire;Categorical;10%;8%;7%;10%;13%;8%;11%;9%;16%;10%;No;No;No;It is a problem in your school because of the students: Inappropriate or profanity language
d19f;School principals questionnaire;Categorical;9%;8%;7%;10%;13%;8%;11%;9%;16%;10%;No;No;No;It is a problem in your school because of the students: Intimidation or insults between students or another type of bullying
d19g;School principals questionnaire;Categorical;9%;7%;7%;10%;13%;8%;11%;9%;16%;10%;No;No;No;It is a problem in your school because of the students: Physical aggressions between students
d19h;School principals questionnaire;Categorical;9%;7%;7%;10%;13%;8%;11%;9%;16%;10%;No;No;No;It is a problem in your school because of the students: Lack of respect to teachers
d19i;School principals questionnaire;Categorical;9%;8%;7%;10%;13%;8%;11%;9%;16%;10%;No;No;No;It is a problem in your school because of the students: Intimidation or insults to the teachers or staff of the school
d19j;School principals questionnaire;Categorical;9%;8%;7%;10%;13%;8%;11%;9%;16%;10%;No;No;No;It is a problem in your school because of the teachers: Arriving late to the school
d19k;School principals questionnaire;Categorical;10%;8%;7%;10%;13%;8%;11%;9%;16%;10%;No;No;No;It is a problem in your school because of the teachers: absenteeism (unexcused absences)
d19l;School principals questionnaire;Categorical;10%;8%;7%;10%;13%;8%;11%;9%;16%;10%;No;No;No;It is a problem in your school because of the teachers: Lack of respect towards the students
d19m;School principals questionnaire;Categorical;10%;8%;7%;10%;13%;8%;11%;9%;16%;10%;No;No;No;It is a problem in your school because of the teachers: Lack of respect between teachers
d19n;School principals questionnaire;Categorical;10%;8%;7%;10%;13%;8%;11%;9%;16%;10%;No;No;No;It is a problem in your school because of the teachers: Discrimination based on sex
d19o;School principals questionnaire;Categorical;9%;8%;7%;10%;13%;8%;11%;9%;16%;10%;No;No;No;It is a problem in your school because of the families: Lack of collaboration with the school
d19p;School principals questionnaire;Categorical;9%;8%;7%;10%;13%;8%;11%;9%;16%;10%;No;No;No;It is a problem in your school because of the families: Criticism and opposition to the rules of the school
d19q;School principals questionnaire;Categorical;9%;8%;7%;10%;13%;8%;11%;9%;16%;10%;No;No;No;It is a problem in your school because of the families: Lack of respect towards the teachers and staff of the school
d19r;School principals questionnaire;Categorical;9%;8%;7%;10%;13%;8%;11%;9%;16%;10%;No;No;No;It is a problem in your school because of the families: Lack of respect or discrimination towards other families
d20a;School principals questionnaire;Categorical;9%;8%;7%;10%;13%;8%;11%;9%;15%;10%;No;No;No;To what extent does the management of the school: Helps to establish good relations between teachers
d20b;School principals questionnaire;Categorical;9%;7%;7%;10%;13%;8%;11%;9%;15%;10%;No;No;No;To what extent does the management of the school: Take into account the opinions of the teaching staff
d20c;School principals questionnaire;Categorical;9%;8%;7%;10%;13%;8%;11%;9%;15%;10%;No;No;No;To what extent does the management of the school: Stimulate teachers to develop innovative ideas
d20d;School principals questionnaire;Categorical;9%;8%;7%;10%;13%;8%;11%;9%;15%;10%;No;No;No;To what extent does the management of the school: Create a strong sense of identity in the community with the objectives of the school
d20e;School principals questionnaire;Categorical;10%;8%;7%;10%;13%;8%;11%;9%;15%;10%;No;No;No;To what extent does the management of the school: Promote teamwork among teachers
d20f;School principals questionnaire;Categorical;9%;8%;7%;10%;13%;8%;11%;9%;16%;10%;No;No;No;To what extent does the management of the school: Promotes the maximum use of capacities and teacher knowledge
d20g;School principals questionnaire;Categorical;9%;8%;7%;10%;13%;8%;11%;9%;15%;10%;No;No;No;To what extent does the management of the school: Generates procedures for teacher training courses
d20h;School principals questionnaire;Categorical;100%;100%;7%;10%;13%;8%;11%;9%;15%;10%;No;No;No;To what extent does the management of the school: Uses student educational outcomes/achievement to set school goals
d20i;School principals questionnaire;Categorical;100%;100%;7%;10%;13%;8%;11%;9%;15%;10%;No;No;No;To what extent does the management of the school: Checks that the work of teachers is in accordance with the objectives of the school
d20j;School principals questionnaire;Categorical;100%;100%;7%;10%;13%;8%;11%;9%;15%;10%;No;No;No;To what extent does the management of the school: Encourage that teaching practice is based on recent research developments
d20k;School principals questionnaire;Categorical;100%;100%;7%;10%;13%;8%;11%;9%;16%;10%;No;No;No;To what extent does the management of the school: Follow up on disruptive problems in the classrooms
d20l;School principals questionnaire;Categorical;100%;100%;7%;10%;13%;8%;11%;9%;15%;10%;No;No;No;To what extent does the management of the school: Discuss the educational objectives of the school with teachers
d21a;School principals questionnaire;Categorical;9%;7%;7%;10%;13%;8%;11%;9%;16%;10%;No;No;No;Satisfaction level: With teachers
d21b;School principals questionnaire;Categorical;9%;8%;7%;10%;13%;8%;11%;9%;16%;10%;No;No;No;Satisfaction level: With students
d21c;School principals questionnaire;Categorical;9%;8%;7%;10%;13%;8%;11%;9%;16%;10%;No;No;No;Satisfaction level: With families
d21d;School principals questionnaire;Categorical;9%;8%;7%;10%;13%;8%;11%;9%;16%;10%;No;No;No;Satisfaction level: With CEP associates
d21e;School principals questionnaire;Categorical;9%;8%;7%;10%;13%;8%;11%;9%;16%;10%;No;No;No;Satisfaction level: With guidance teams (EOEP)
d21f;School principals questionnaire;Categorical;9%;7%;7%;10%;13%;8%;11%;9%;16%;10%;No;No;No;Satisfaction level: With educational inspection
d22a;School principals questionnaire;Categorical;9%;8%;7%;10%;13%;8%;11%;7%;15%;8%;No;No;No;Degree of agreement: The staff of the school share a common methodological line
d22b;School principals questionnaire;Categorical;9%;7%;7%;10%;13%;8%;11%;7%;15%;8%;No;No;No;Degree of agreement: There is a high level of cooperation between the school and the local community
d22c;School principals questionnaire;Categorical;9%;7%;7%;10%;13%;8%;11%;7%;15%;8%;No;No;No;Degree of agreement: School staff speak openly about difficulties in carrying out their teaching work
d22d;School principals questionnaire;Categorical;9%;7%;7%;10%;13%;8%;11%;7%;15%;8%;No;No;No;Degree of agreement: There is mutual respect for the ideas of colleagues
d22e;School principals questionnaire;Categorical;9%;8%;7%;10%;13%;8%;11%;7%;15%;8%;No;No;No;Degree of agreement: There is a culture of sharing successes and failures
d22f;School principals questionnaire;Categorical;9%;8%;7%;10%;13%;8%;11%;7%;15%;8%;No;No;No;Degree of agreement: Relations between teachers and students are good
d30a;School principals questionnaire;Categorical;100%;100%;7%;10%;13%;100%;100%;100%;100%;100%;No;Yes;No;Student grouping criteria: By alphabetical order of last names or other random criteria
d30b;School principals questionnaire;Categorical;100%;100%;7%;10%;13%;100%;100%;100%;100%;100%;No;Yes;No;Student grouping criteria:Balance between girls and boys
d30c;School principals questionnaire;Categorical;100%;100%;7%;10%;13%;100%;100%;100%;100%;100%;No;Yes;No;Student grouping criteria: Linguistic reasons
d30d;School principals questionnaire;Categorical;100%;100%;7%;10%;13%;100%;100%;100%;100%;100%;No;Yes;No;Student grouping criteria: According to academic performance
d30e;School principals questionnaire;Categorical;100%;100%;7%;10%;13%;100%;100%;100%;100%;100%;No;Yes;No;Student grouping criteria: Looking for homogeneity according to the characteristics of the students
d30f;School principals questionnaire;Categorical;100%;100%;7%;10%;13%;100%;100%;100%;100%;100%;No;Yes;No;Student grouping criteria: Seeking heterogeneity among students
d31a;School principals questionnaire;Categorical;100%;100%;7%;10%;13%;8%;11%;9%;16%;10%;No;Yes;No;Degree of agreement: I am satisfied with the academic results of the students
d31b;School principals questionnaire;Categorical;100%;100%;7%;10%;13%;8%;11%;9%;16%;10%;No;Yes;No;Degree of agreement: The students have obtained the results expected of them
d31c;School principals questionnaire;Categorical;100%;100%;7%;10%;13%;8%;11%;9%;16%;10%;No;Yes;No;Degree of agreement: I believe that students can improve the academic results obtained
d32a;School principals questionnaire;Categorical;100%;100%;7%;10%;13%;8%;11%;9%;15%;10%;No;No;No;Your school has a school teacher training plan
d33a;School principals questionnaire;Categorical;100%;100%;14%;22%;24%;8%;11%;9%;16%;10%;No;No;No;Main theme of the school teacher training plan
d121a;School principals questionnaire;Continuous;100%;100%;7%;10%;13%;8%;11%;7%;15%;10%;No;No;No;Number of teachers in primary education
d121b;School principals questionnaire;Continuous;100%;100%;7%;10%;13%;8%;11%;7%;16%;8%;No;No;No;Number of mandatory secondary education teachers
d131a;School principals questionnaire;Continuous;100%;100%;7%;10%;13%;8%;11%;7%;15%;10%;No;No;No;Number of teachers in primary education with 5 or more academic years
d131b;School principals questionnaire;Continuous;100%;100%;7%;10%;13%;8%;11%;7%;16%;8%;No;No;No;Number of mandatory secondary education teachers with 5 or more academic years
d301;School principals questionnaire;Categorical;100%;100%;100%;100%;100%;88%;89%;99%;90%;100%;No;Yes;No;Student grouping criteria: In alphabetical order of surnames
d302;School principals questionnaire;Categorical;100%;100%;100%;100%;100%;86%;91%;96%;93%;95%;No;Yes;No;Student grouping criteria: Randomly
d303;School principals questionnaire;Categorical;100%;100%;100%;100%;100%;26%;29%;38%;43%;38%;No;Yes;No;Student grouping criteria: Balance between girls and boys
d304;School principals questionnaire;Categorical;100%;100%;100%;100%;100%;88%;87%;100%;88%;90%;No;Yes;No;Student grouping criteria: According to academic performance
d305;School principals questionnaire;Categorical;100%;100%;100%;100%;100%;95%;86%;91%;87%;80%;No;Yes;No;Student grouping criteria: Looking for homogeneity according to student characteristics
d306;School principals questionnaire;Categorical;100%;100%;100%;100%;100%;44%;35%;20%;44%;27%;No;Yes;No;Student grouping criteria: Seeking heterogeneity among students
d307;School principals questionnaire;Categorical;100%;100%;100%;100%;100%;84%;86%;26%;85%;27%;No;Yes;No;Student grouping criteria: By student's choice of subjects
d308;School principals questionnaire;Categorical;100%;100%;100%;100%;100%;68%;61%;92%;67%;83%;No;Yes;No;Student grouping criteria: Other criteria
tasa_nac_eso4;School principals questionnaire;Continuous;100%;100%;100%;100%;13%;100%;100%;7%;100%;100%;No;Yes;No;Rate of 4th grade of mandatory secondary education students with a different nationality
tasa_nac_pri3;School principals questionnaire;Continuous;100%;100%;7%;100%;100%;8%;100%;100%;100%;100%;No;Yes;No;Rate of 3rd grade primary education students with a different nationality
tasa_nac_pri6;School principals questionnaire;Continuous;100%;100%;100%;10%;100%;100%;9%;100%;100%;100%;No;Yes;No;Rate of 6th grade primary education students with a different nationality
distnac;School principals questionnaire;Continuous;100%;100%;7%;10%;100%;100%;100%;100%;100%;100%;No;No;No;Number of students with different nationality
distnac_eso4;School principals questionnaire;Continuous;100%;100%;100%;100%;13%;100%;100%;7%;100%;100%;No;No;No;Number of students with different nationalities in 4th grade of mandatory secondary education
distnac_pri3;School principals questionnaire;Continuous;100%;100%;7%;100%;100%;8%;100%;100%;100%;100%;No;No;No;Number of students with different nationality in 3rd grade primary education
distnac_pri6;School principals questionnaire;Continuous;100%;100%;100%;10%;100%;100%;9%;100%;100%;100%;No;No;No;Number of students with different nationality in 6th grade primary education
groups;School principals questionnaire;Continuous;100%;100%;7%;10%;13%;8%;11%;7%;100%;100%;No;No;No;Number of groups in the evaluated grade
island;School principals questionnaire;Categorical;0%;0%;0%;0%;6%;1%;0%;6%;0%;6%;Yes;Yes;No;Canary island to which the school belongs
capital_island;School principals questionnaire;Categorical;0%;0%;0%;0%;6%;1%;0%;6%;0%;6%;Yes;Yes;Yes;Tranformation of island. Capital island vs non capital island
public_private;School principals questionnaire;Categorical;0%;0%;0%;0%;6%;1%;0%;6%;0%;6%;Yes;Yes;No;Public or private school
f0;Family questionnaire;Categorical;33%;31%;52%;43%;100%;14%;15%;100%;39%;100%;No;No;No;Respondent: mother, father, other
f1n;Family questionnaire;Continuous;34%;31%;52%;42%;100%;11%;11%;100%;39%;100%;No;No;No;Number of people in household
f2an;Family questionnaire;Continuous;32%;30%;52%;42%;100%;14%;14%;100%;40%;100%;No;No;No;Mother age
f2bn;Family questionnaire;Continuous;37%;35%;52%;42%;100%;23%;28%;100%;43%;100%;No;No;No;Father age
f3a;Family questionnaire;Categorical;33%;31%;52%;43%;12%;13%;14%;9%;41%;11%;Yes;Yes;No;Mother education level
f3b;Family questionnaire;Categorical;39%;37%;54%;45%;15%;22%;25%;12%;44%;13%;Yes;Yes;No;Father education level
mother_education;Family questionnaire;Categorical;33%;31%;52%;43%;12%;13%;14%;9%;41%;11%;Yes;Yes;Yes;Transformation of f3a. Mother education
father_education;Family questionnaire;Categorical;39%;37%;54%;45%;15%;22%;25%;12%;44%;13%;Yes;Yes;Yes;Transformation of f3b. Father education
f4a;Family questionnaire;Categorical;35%;33%;53%;44%;12%;15%;15%;12%;42%;12%;Yes;Yes;No;Mother employment status
f4b;Family questionnaire;Categorical;40%;39%;54%;46%;15%;22%;26%;15%;46%;15%;Yes;Yes;No;Father employment status
f5a;Family questionnaire;Categorical;37%;34%;53%;43%;31%;13%;13%;7%;40%;7%;Yes;Yes;No;Mother place of birth
f5b;Family questionnaire;Categorical;41%;38%;54%;45%;30%;20%;23%;8%;42%;8%;Yes;Yes;No;Father place of birth
f5n;Family questionnaire;Categorical;33%;31%;52%;43%;22%;11%;11%;7%;40%;7%;Yes;Yes;No;Student place of birth
inmigrant;Family questionnaire;Categorical;33%;31%;52%;43%;22%;11%;11%;7%;40%;7%;Yes;Yes;Yes;Transformation of f5n. Immigrant status
inmigrant2;Family questionnaire;Categorical;33%;31%;52%;43%;22%;11%;11%;7%;40%;7%;Yes;Yes;Yes;Transformation of f5n. Immigrant status
inmigrant_second_gen;Family questionnaire;Categorical;36%;33%;53%;43%;25%;12%;12%;6%;40%;7%;Yes;Yes;Yes;Transformation of f5n. Immigrant status, second generation
f6;Family questionnaire;Categorical;70%;66%;96%;95%;100%;89%;89%;100%;93%;100%;No;Yes;No;If your child was not born in Spain, how long has he/she been studying in the Spanish educational system, including current year
f7;Family questionnaire;Categorical;33%;30%;52%;42%;6%;13%;12%;6%;40%;6%;No;Yes;No;Language usually spoken at home
f8ta;Family questionnaire;Continuous;40%;36%;58%;49%;6%;19%;17%;6%;40%;6%;No;No;No;Child school start age. Years
f8tm;Family questionnaire;Continuous;53%;53%;71%;66%;100%;30%;31%;100%;41%;100%;No;No;No;Child school start age. Months
start_schooling_age;Family questionnaire;Categorical;33%;31%;52%;43%;6%;14%;14%;6%;39%;6%;No;Yes;Yes;Transformation of f8ta and f8tm. Start schooling age
f9a;Family questionnaire;Categorical;32%;30%;100%;100%;100%;100%;100%;100%;100%;100%;No;No;No;How often does your child use at home. Quiet place to study
f9b;Family questionnaire;Categorical;34%;32%;52%;42%;6%;11%;12%;6%;40%;6%;No;No;No;How often does your child use at home. Books
f9c;Family questionnaire;Categorical;36%;34%;52%;42%;6%;16%;15%;6%;40%;7%;No;No;No;How often does your child use at home. Encyclopedias
f9d;Family questionnaire;Categorical;34%;31%;52%;42%;6%;13%;13%;6%;40%;6%;No;No;No;How often does your child use at home. PC, tablet
f9e;Family questionnaire;Categorical;37%;33%;52%;42%;6%;13%;13%;6%;40%;6%;No;No;No;How often does your child use at home. Internet
f9f;Family questionnaire;Categorical;35%;32%;100%;100%;100%;13%;12%;6%;40%;6%;No;No;No;How often does your child use at home. Smartphone
f9g;Family questionnaire;Categorical;35%;32%;100%;100%;100%;100%;100%;100%;100%;100%;No;No;No;How often does your child use at home. Calculator
f9h;Family questionnaire;Categorical;36%;33%;52%;42%;6%;16%;16%;6%;40%;6%;No;No;No;How often does your child use at home. Newspapers
f10n;Family questionnaire;Continuous;32%;30%;52%;42%;7%;12%;13%;7%;40%;7%;No;No;No;Number of digital devices at home
f11;Family questionnaire;Categorical;32%;29%;52%;42%;6%;10%;11%;6%;40%;6%;Yes;Yes;No;Number of books at home
books;Family questionnaire;Categorical;32%;29%;52%;42%;6%;10%;11%;6%;40%;6%;Yes;Yes;Yes;Transformation of f11. Number of books at home
f12a;Family questionnaire;Categorical;32%;29%;52%;42%;100%;11%;11%;100%;40%;100%;No;Yes;No;Frequency of your child at home. He/she see adults reading books
f12b;Family questionnaire;Categorical;33%;31%;52%;42%;100%;12%;13%;100%;40%;100%;No;Yes;No;Frequency of your child at home. Adults read stories to their children 
f13n;Family questionnaire;Continuous;34%;31%;100%;100%;100%;100%;100%;100%;100%;100%;No;No;No;Number of collective meetings in the school during the academic year
f14a;Family questionnaire;Categorical;33%;31%;52%;42%;100%;13%;14%;100%;41%;100%;No;No;No;Frequency you go to the school to see how your child is doing: Mother
f14b;Family questionnaire;Categorical;42%;40%;52%;42%;100%;27%;29%;100%;44%;100%;No;No;No;Frequency you go to the school to see how your child is doing: Father
f14c;Family questionnaire;Categorical;90%;88%;100%;100%;100%;100%;100%;100%;100%;100%;No;No;No;Frequency you go to the school to see how your child is doing: Other person
f15a;Family questionnaire;Categorical;33%;30%;52%;42%;100%;11%;11%;100%;40%;100%;No;No;No;In an interview with the teacher, you have been interested in: Scores
f15b;Family questionnaire;Categorical;33%;30%;52%;42%;100%;11%;12%;100%;40%;100%;No;No;No;In an interview with the teacher, you have been interested in: Dificulties in the learning process
f15c;Family questionnaire;Categorical;33%;31%;52%;42%;100%;11%;12%;100%;40%;100%;No;No;No;In an interview with the teacher, you have been interested in: Behavior
f15d;Family questionnaire;Categorical;34%;31%;52%;42%;100%;12%;12%;100%;40%;100%;No;No;No;In an interview with the teacher, you have been interested in: Behavior of the class group
f15e;Family questionnaire;Categorical;34%;31%;52%;42%;100%;11%;12%;100%;40%;100%;No;No;No;In an interview with the teacher, you have been interested in: Relationship with classmates
f15f;Family questionnaire;Categorical;100%;100%;100%;100%;100%;12%;12%;100%;40%;100%;No;No;No;In an interview with the teacher, you have been interested in: Teaching/learning process methodologies
f16a;Family questionnaire;Categorical;32%;30%;52%;42%;100%;11%;11%;100%;40%;100%;No;Yes;No;How often do you do with your child at home: Talk about the work in class
f16b;Family questionnaire;Categorical;33%;30%;52%;42%;100%;11%;11%;100%;40%;100%;No;Yes;No;How often do you do with your child at home: Planning his/her time to study/do homework
f16c;Family questionnaire;Categorical;33%;30%;52%;42%;100%;11%;11%;100%;40%;100%;No;Yes;No;How often do you do with your child at home: Help him to do his/her homework
f16d;Family questionnaire;Categorical;33%;30%;100%;100%;100%;100%;100%;100%;100%;100%;No;Yes;No;How often do you do with your child at home: Provide the materials and resources he/shee needs to study
f16e;Family questionnaire;Categorical;32%;30%;52%;42%;100%;11%;11%;100%;40%;100%;No;Yes;No;How often do you do with your child at home: Check that he/she has done the homework
f16f;Family questionnaire;Categorical;33%;30%;100%;100%;100%;100%;100%;100%;100%;100%;No;Yes;No;How often do you do with your child at home: Control class attendance
f17a;Family questionnaire;Categorical;33%;30%;52%;42%;100%;11%;11%;100%;40%;100%;No;Yes;No;Frequency you participate in school activities: AMPA meetings
f17b;Family questionnaire;Categorical;33%;31%;52%;42%;100%;11%;12%;100%;40%;100%;No;Yes;No;Frequency you participate in school activities: training activities for parents
f17c;Family questionnaire;Categorical;33%;31%;52%;42%;100%;11%;12%;100%;40%;100%;No;Yes;No;Frequency you participate in school activities: Organization of out-of-school activities
f17d;Family questionnaire;Categorical;34%;31%;52%;42%;100%;12%;12%;100%;40%;100%;No;Yes;No;Frequency you participate in school activities: other activities
f18a;Family questionnaire;Categorical;32%;29%;52%;42%;100%;10%;11%;100%;40%;100%;No;No;No;Degree of satisfaction: Teachers
f18b;Family questionnaire;Categorical;32%;30%;52%;42%;100%;11%;11%;100%;40%;100%;No;No;No;Degree of satisfaction: Principal
f18c;Family questionnaire;Categorical;33%;30%;52%;42%;100%;11%;11%;100%;40%;100%;No;No;No;Degree of satisfaction: Work in class
f18d;Family questionnaire;Categorical;32%;30%;52%;42%;100%;11%;11%;100%;40%;100%;No;No;No;Degree of satisfaction: Relationship with teachers
f18e;Family questionnaire;Categorical;32%;30%;52%;42%;100%;11%;11%;100%;40%;100%;No;No;No;Degree of satisfaction: Classmates
f18f;Family questionnaire;Categorical;33%;30%;52%;42%;100%;12%;11%;100%;40%;100%;No;No;No;Degree of satisfaction: Resources
f18g;Family questionnaire;Categorical;33%;30%;52%;42%;100%;11%;11%;100%;40%;100%;No;No;No;Degree of satisfaction: Learning level
f18h;Family questionnaire;Categorical;33%;30%;52%;42%;100%;11%;11%;100%;40%;100%;No;No;No;Degree of satisfaction: School environment
f18i;Family questionnaire;Categorical;32%;30%;52%;42%;100%;11%;11%;100%;40%;100%;No;No;No;Degree of satisfaction: In general with the school
f19a;Family questionnaire;Categorical;32%;30%;52%;42%;100%;11%;11%;100%;40%;100%;No;No;No;Degree of satisfaction with the teacher: Motivation and enthusiasm
f19b;Family questionnaire;Categorical;33%;30%;52%;42%;100%;11%;11%;100%;40%;100%;No;No;No;Degree of satisfaction with the teacher: Cordiality and closeness
f19c;Family questionnaire;Categorical;33%;30%;52%;42%;100%;11%;11%;100%;40%;100%;No;No;No;Degree of satisfaction with the teacher: Work capacity
f19d;Family questionnaire;Categorical;33%;30%;52%;42%;100%;11%;11%;100%;40%;100%;No;No;No;Degree of satisfaction with the teacher: Smooth communication
f19e;Family questionnaire;Categorical;33%;30%;52%;42%;100%;11%;11%;100%;40%;100%;No;No;No;Degree of satisfaction with the teacher: Flexibility and patience
f20;Family questionnaire;Categorical;32%;30%;52%;42%;100%;16%;15%;100%;40%;100%;No;Yes;No;Would you recommend this school?
f21n;Family questionnaire;Continuous;32%;29%;52%;42%;100%;12%;12%;100%;40%;100%;No;Yes;No;Homework hours/week
f22;Family questionnaire;Categorical;31%;28%;52%;42%;100%;10%;11%;100%;40%;100%;No;Yes;No;Homework days/week
f23;Family questionnaire;Categorical;41%;38%;56%;48%;100%;11%;11%;100%;40%;100%;Yes;Yes;No;Parent expectations: Up to what educational level do you expect your child to study?
f24a;Family questionnaire;Categorical;34%;32%;52%;42%;15%;19%;20%;20%;45%;20%;Yes;Yes;No;Mother occupation
f24b;Family questionnaire;Categorical;39%;37%;52%;42%;18%;26%;28%;21%;49%;21%;Yes;Yes;No;Father occupation
mother_occupation;Family questionnaire;Categorical;34%;32%;52%;42%;15%;19%;20%;20%;45%;20%;Yes;Yes;Yes;Transformation of f24a. Mother occupation
father_occupation;Family questionnaire;Categorical;39%;37%;52%;42%;18%;26%;28%;21%;49%;21%;Yes;Yes;Yes;Transformation of f24b. Father occupation
f30;Family questionnaire;Continuous;100%;100%;52%;42%;100%;11%;11%;100%;39%;100%;No;No;No;Total number of children in the household
f31;Family questionnaire;Categorical;100%;100%;52%;42%;100%;11%;12%;100%;40%;100%;No;No;No;Type of family unit
single_parent_household;Family questionnaire;Categorical;100%;100%;52%;42%;100%;11%;12%;100%;40%;100%;No;Yes;Yes;Transformation of f31. Single parent household
f33a;Family questionnaire;Categorical;100%;100%;52%;42%;100%;23%;25%;100%;49%;100%;No;No;No;Household income. Income from work (self-employed or wage employment)
f33b;Family questionnaire;Categorical;100%;100%;52%;42%;100%;91%;91%;100%;93%;100%;No;No;No;Household income. Unemployment benefits and subsidies
f33c;Family questionnaire;Categorical;100%;100%;52%;42%;100%;95%;94%;100%;96%;100%;No;No;No;non
f33d;Family questionnaire;Categorical;100%;100%;52%;42%;100%;95%;96%;100%;97%;100%;No;No;No;Household income. Public economic benefits for dependent children or other economic benefits such as family aid, Canary Islands Insertion Benefit (PCI), related to housing or education
f33e;Family questionnaire;Categorical;100%;100%;52%;42%;100%;94%;93%;100%;96%;100%;No;No;No;Household Income. Child support from divorce, or help from other relatives
f33f;Family questionnaire;Categorical;100%;100%;52%;42%;100%;98%;98%;100%;99%;100%;No;No;No;Household income. Other regular income / Other subsidy or regular social benefit
f33g;Family questionnaire;Categorical;100%;100%;52%;42%;100%;99%;99%;100%;100%;100%;No;No;No;Household income. No income, no household member provides income
f33h;Family questionnaire;Categorical;100%;100%;52%;42%;100%;97%;98%;100%;98%;100%;No;No;No;Household income. No answer/don't know 
f34;Family questionnaire;Categorical;100%;100%;52%;42%;100%;11%;13%;100%;40%;100%;Yes;Yes;No;Monthly household income
household_income_q;Family questionnaire;Categorical;100%;100%;58%;50%;100%;23%;24%;100%;48%;100%;Yes;Yes;Yes;Tranformation of f34. Monthly household income (quartiles)
nhousehold;Family questionnaire;Continuous;100%;100%;7%;8%;6%;100%;100%;6%;100%;6%;No;No;No;Number of people in household
ESCS;Family questionnaire;Continuous;32%;29%;52%;42%;8%;11%;11%;8%;41%;9%;Yes;Yes;Yes;Economic, Social and Cultural Status index
p2;Teacher questionnaire;Categorical;34%;37%;100%;100%;100%;7%;9%;100%;22%;100%;No;No;No;Sex
p2n;Teacher questionnaire;Continuous;36%;38%;7%;10%;100%;8%;9%;100%;22%;100%;No;No;No;Age
p3n;Teacher questionnaire;Continuous;34%;37%;7%;10%;100%;7%;9%;100%;23%;100%;No;No;No;Years as a teacher
p4n;Teacher questionnaire;Continuous;35%;38%;7%;10%;100%;7%;9%;100%;22%;100%;No;No;No;Year in the school
p5;Teacher questionnaire;Categorical;34%;37%;7%;10%;100%;100%;100%;100%;100%;100%;No;No;No;Have you teach in the same group the past two years?
p6n;Teacher questionnaire;Continuous;34%;37%;7%;10%;100%;100%;100%;100%;100%;100%;No;No;No;Number of students in your class group
p7an;Teacher questionnaire;Continuous;63%;61%;15%;23%;100%;12%;16%;100%;26%;100%;No;No;No;Number of students in your class group with: NEE
p7bn;Teacher questionnaire;Continuous;66%;67%;24%;26%;100%;13%;17%;100%;27%;100%;No;No;No;Number of students in your class group with: TDAH
p7cn;Teacher questionnaire;Continuous;78%;81%;33%;41%;100%;12%;16%;100%;27%;100%;No;No;No;Number of students in your class group with: DEA
p7dn;Teacher questionnaire;Continuous;78%;72%;31%;37%;100%;13%;16%;100%;26%;100%;No;No;No;Number of students in your class group with: ECOPHE
p7en;Teacher questionnaire;Continuous;75%;80%;33%;42%;100%;13%;17%;100%;27%;100%;No;No;No;Number of students in your class group with: ALCAIN
p7fn;Teacher questionnaire;Continuous;63%;71%;100%;100%;100%;100%;100%;100%;100%;100%;No;No;No;Number of students in your class group with: Disadvantaged economic situation
p7gn;Teacher questionnaire;Continuous;100%;100%;34%;45%;100%;13%;17%;100%;27%;100%;No;No;No;Number of students in your class group with: INTARSE
p8an;Teacher questionnaire;Continuous;52%;55%;7%;10%;100%;7%;10%;100%;23%;100%;No;No;No;Number of students in your class group: born in another country with a language other than Spanish
p8bn;Teacher questionnaire;Continuous;52%;53%;7%;10%;100%;8%;10%;100%;23%;100%;No;No;No;Number of students in your class group: born in another country with a language equal to Spanish
p9a;Teacher questionnaire;Categorical;37%;47%;7%;10%;100%;17%;23%;100%;35%;100%;No;No;No;Subject you teach in your class group: Language
p9b;Teacher questionnaire;Categorical;40%;53%;7%;10%;100%;21%;33%;100%;45%;100%;No;No;No;Subject you teach in your class group: Mathematics
p9c;Teacher questionnaire;Categorical;57%;56%;7%;10%;100%;24%;36%;100%;49%;100%;No;No;No;Subject you teach in your class group: Social sciences
p9d;Teacher questionnaire;Categorical;91%;89%;7%;10%;100%;79%;82%;100%;87%;100%;No;No;No;Subject you teach in your class group: English
p9e;Teacher questionnaire;Categorical;100%;100%;7%;10%;100%;27%;36%;100%;48%;100%;No;No;No;Subject you teach in your class group: Natural sciences
p9f;Teacher questionnaire;Categorical;100%;100%;7%;10%;100%;17%;30%;100%;40%;100%;No;No;No;Subject you teach in your class group: Other
p10n;Teacher questionnaire;Continuous;35%;38%;7%;10%;100%;8%;9%;100%;22%;100%;No;No;No;Teaching hours per week in class group
p11;Teacher questionnaire;Categorical;34%;37%;7%;10%;100%;100%;100%;100%;100%;100%;No;No;No;Average time class for explanations
p12a;Teacher questionnaire;Categorical;34%;37%;7%;10%;100%;7%;9%;100%;22%;100%;No;No;No;Degree of agreement about your class group: Has a good attitude
p12b;Teacher questionnaire;Categorical;35%;39%;7%;10%;100%;7%;9%;100%;22%;100%;No;No;No;Degree of agreement about your class group: Comply with the standards/rules/norms
p12c;Teacher questionnaire;Categorical;34%;37%;7%;10%;100%;7%;9%;100%;22%;100%;No;No;No;Degree of agreement about your class group: Participate actively
p12d;Teacher questionnaire;Categorical;34%;38%;7%;10%;100%;7%;9%;100%;22%;100%;No;No;No;Degree of agreement about your class group: Has interest in the class
p13;Teacher questionnaire;Categorical;34%;37%;7%;10%;100%;8%;9%;100%;22%;100%;No;No;No;Degree of agreement: Satisfied with the academic results of my students
p13b;Teacher questionnaire;Categorical;100%;100%;7%;10%;100%;8%;9%;100%;22%;100%;No;No;No;Degree of agreement: My students have obtained the results that I expected
p13c;Teacher questionnaire;Categorical;100%;100%;7%;10%;100%;8%;9%;100%;23%;100%;No;No;No;Degree of agreement: My students can improve their academic results
p15a;Teacher questionnaire;Categorical;69%;66%;7%;10%;100%;100%;100%;100%;100%;100%;No;No;No;Main topic of the PFC: Competences and didactic programming
p15b;Teacher questionnaire;Categorical;87%;87%;7%;10%;100%;100%;100%;100%;100%;100%;No;No;No;Main topic of the PFC: Attention to diversity
p15c;Teacher questionnaire;Categorical;91%;92%;7%;10%;100%;100%;100%;100%;100%;100%;No;No;No;Main topic of the PFC: Participatory culture
p15d;Teacher questionnaire;Categorical;68%;69%;7%;10%;100%;100%;100%;100%;100%;100%;No;No;No;Main topic of the PFC: TICs
p15e;Teacher questionnaire;Categorical;95%;95%;7%;10%;100%;100%;100%;100%;100%;100%;No;No;No;Main topic of the PFC: Speaking another language
p15f;Teacher questionnaire;Categorical;77%;77%;7%;10%;100%;100%;100%;100%;100%;100%;No;No;No;Main topic of the PFC: School environment
p15g;Teacher questionnaire;Categorical;85%;85%;7%;10%;100%;100%;100%;100%;100%;100%;No;No;No;Main topic of the PFC: Other
p15h;Teacher questionnaire;Categorical;100%;100%;7%;10%;100%;100%;100%;100%;100%;100%;No;No;No;Main topic of the PFC: Didactic methodology
p15i;Teacher questionnaire;Categorical;100%;100%;7%;10%;100%;100%;100%;100%;100%;100%;No;No;No;Main topic of the CBP: Evaluation
p16a;Teacher questionnaire;Categorical;42%;43%;24%;25%;100%;25%;19%;100%;32%;100%;No;No;No;Incidence of the PFC in: Organization of the school
p16b;Teacher questionnaire;Categorical;41%;43%;24%;25%;100%;22%;17%;100%;31%;100%;No;No;No;Incidence of the PFC in: Classroom management
p16c;Teacher questionnaire;Categorical;41%;43%;24%;25%;100%;21%;16%;100%;31%;100%;No;No;No;Incidence of the PFC in: Collaborative work
p16d;Teacher questionnaire;Categorical;41%;44%;24%;25%;100%;23%;18%;100%;32%;100%;No;No;No;Incidence of the PFC in: Evaluation
p16e;Teacher questionnaire;Categorical;41%;43%;24%;25%;100%;24%;20%;100%;32%;100%;No;No;No;Incidence of the PFC in: School environment
p16f;Teacher questionnaire;Categorical;44%;45%;24%;25%;100%;25%;20%;100%;34%;100%;No;No;No;Incidence of the PFC in: Pedagogical leadership
p16g;Teacher questionnaire;Categorical;41%;43%;24%;25%;100%;22%;19%;100%;32%;100%;No;No;No;Incidence of the PFC in: Use of TICs
p16h;Teacher questionnaire;Categorical;100%;100%;100%;100%;100%;23%;17%;100%;32%;100%;No;No;No;Incidence of the PFC in: Methodological changes
p18a;Teacher questionnaire;Categorical;57%;57%;7%;10%;100%;39%;45%;100%;62%;100%;No;No;No;Individual training topic: Competences and didactic programming
p18b;Teacher questionnaire;Categorical;77%;79%;7%;10%;100%;60%;67%;100%;71%;100%;No;No;No;Individual training topic: Attention to diversity
p18c;Teacher questionnaire;Categorical;86%;84%;7%;10%;100%;90%;90%;100%;90%;100%;No;No;No;Individual training topic: Participatory culture
p18d;Teacher questionnaire;Categorical;58%;57%;7%;10%;100%;39%;53%;100%;56%;100%;No;No;No;Individual training topic: TICs
p18e;Teacher questionnaire;Categorical;88%;85%;7%;10%;100%;80%;80%;100%;83%;100%;No;No;No;Individual training topic: Speaking another language
p18f;Teacher questionnaire;Categorical;74%;75%;7%;10%;100%;62%;73%;100%;74%;100%;No;No;No;Individual training topic: School environment
p18g;Teacher questionnaire;Categorical;85%;87%;7%;10%;100%;61%;60%;100%;66%;100%;No;No;No;Individual training topic: Other
p18h;Teacher questionnaire;Categorical;100%;100%;7%;10%;100%;34%;38%;100%;52%;100%;No;No;No;Individual training topic: Didactic methodology
p18i;Teacher questionnaire;Categorical;100%;100%;7%;10%;100%;63%;70%;100%;75%;100%;No;No;No;Individual training topic: Evaluation
p19;Teacher questionnaire;Categorical;41%;41%;100%;100%;100%;100%;100%;100%;100%;100%;No;No;No;Degree of agreement: The training offer of the Administration responds to the needs of the teaching staff
p20;Teacher questionnaire;Categorical;41%;41%;7%;10%;100%;9%;10%;100%;25%;100%;No;No;No;Incidence of training in your teaching practice
p21a;Teacher questionnaire;Categorical;34%;38%;7%;10%;100%;7%;9%;100%;22%;100%;No;No;No;In class, your students: Suggest activities
p21b;Teacher questionnaire;Categorical;35%;38%;7%;10%;100%;7%;9%;100%;22%;100%;No;No;No;In class, your students: Take notes and/or make summaries
p21c;Teacher questionnaire;Categorical;35%;38%;7%;10%;100%;7%;9%;100%;22%;100%;No;No;No;In class, your students: Do the proposed activities
p21d;Teacher questionnaire;Categorical;34%;38%;7%;10%;100%;7%;9%;100%;22%;100%;No;No;No;In class, your students: Listen to the explanations
p21e;Teacher questionnaire;Categorical;34%;37%;7%;10%;100%;7%;9%;100%;22%;100%;No;No;No;In class, your students: Ask what they don't understand
p21f;Teacher questionnaire;Categorical;34%;38%;7%;10%;100%;7%;9%;100%;22%;100%;No;No;No;In class, your students: Work individually
p22a;Teacher questionnaire;Categorical;34%;37%;7%;10%;100%;7%;9%;100%;22%;100%;No;No;No;Methodologically, in the classroom: I do team activities
p22b;Teacher questionnaire;Categorical;34%;37%;7%;10%;100%;7%;9%;100%;22%;100%;No;No;No;Methodologically, in the classroom: I propose topics to research and debate
p22c;Teacher questionnaire;Categorical;34%;38%;7%;10%;100%;7%;9%;100%;22%;100%;No;No;No;Methodologically, in the classroom: I promote public presentation of works
p22d;Teacher questionnaire;Categorical;34%;37%;7%;10%;100%;7%;9%;100%;22%;100%;No;No;No;Methodologically, in the classroom: I take into account self-evaluations
p22e;Teacher questionnaire;Categorical;34%;37%;7%;10%;100%;7%;9%;100%;22%;100%;No;No;No;Methodologically, in the classroom: I adapt the tasks to the reality of the student
p22f;Teacher questionnaire;Categorical;34%;37%;7%;10%;100%;7%;9%;100%;22%;100%;No;No;No;Methodologically, in the classroom: I promote student interactions
p22g;Teacher questionnaire;Categorical;34%;37%;7%;10%;100%;7%;9%;100%;22%;100%;No;No;No;Methodologically, in the classroom: I ask while I explain
p23a;Teacher questionnaire;Categorical;35%;37%;7%;10%;100%;7%;9%;100%;22%;100%;No;No;No;Resources used in class: textbook
p23b;Teacher questionnaire;Categorical;34%;38%;7%;10%;100%;7%;9%;100%;22%;100%;No;No;No;Resources used in class: library books
p23c;Teacher questionnaire;Categorical;34%;38%;7%;10%;100%;7%;9%;100%;22%;100%;No;No;No;Resources used in class: newspapers or magazines
p23d;Teacher questionnaire;Categorical;35%;38%;7%;10%;100%;7%;9%;100%;22%;100%;No;No;No;Resources used in class: computers or tablets
p23e;Teacher questionnaire;Categorical;34%;38%;7%;10%;100%;7%;9%;100%;22%;100%;No;No;No;Resources used in class: videos, images
p23f;Teacher questionnaire;Categorical;34%;38%;7%;10%;100%;7%;9%;100%;22%;100%;No;No;No;Resources used in class: school agenda
p23g;Teacher questionnaire;Categorical;34%;37%;7%;10%;100%;7%;9%;100%;22%;100%;No;No;No;Resources used in class: material prepared by teachers
p23h;Teacher questionnaire;Categorical;34%;37%;100%;100%;100%;7%;9%;100%;22%;100%;No;No;No;Resources used in class: digital whiteboard
p23i;Teacher questionnaire;Categorical;100%;100%;7%;10%;100%;100%;100%;100%;100%;100%;No;No;No;Resources used in class: material prepared by me
p24a;Teacher questionnaire;Categorical;34%;38%;7%;10%;100%;7%;9%;100%;22%;100%;No;No;No;Evaluation: I ask questions before starting a topic
p24b;Teacher questionnaire;Categorical;34%;37%;7%;10%;100%;7%;9%;100%;22%;100%;No;No;No;Evaluation: I do tests after each topic
p24c;Teacher questionnaire;Categorical;35%;38%;7%;10%;100%;7%;9%;100%;22%;100%;No;No;No;Evaluation: I do quarterly written tests
p24d;Teacher questionnaire;Categorical;35%;38%;7%;10%;100%;7%;9%;100%;22%;100%;No;No;No;Evaluation: I correct homework and notebooks
p24e;Teacher questionnaire;Categorical;34%;38%;7%;10%;100%;7%;9%;100%;22%;100%;No;No;No;Evaluation: I review activities in class
p24f;Teacher questionnaire;Categorical;34%;37%;7%;10%;100%;7%;9%;100%;22%;100%;No;No;No;Evaluation: I do oral exams
p24g;Teacher questionnaire;Categorical;34%;38%;7%;10%;100%;7%;9%;100%;22%;100%;No;No;No;Evaluation: I take into account  self-evaluations
p24h;Teacher questionnaire;Categorical;34%;37%;7%;10%;100%;7%;9%;100%;22%;100%;No;No;No;Evaluation: I value interest and participation
p24i;Teacher questionnaire;Categorical;34%;37%;7%;10%;100%;7%;9%;100%;22%;100%;No;No;No;Evaluation: I value the behavior
p24j;Teacher questionnaire;Categorical;36%;38%;7%;10%;100%;7%;9%;100%;22%;100%;No;No;No;Evaluation: I take into account peer evaluation
p24k;Teacher questionnaire;Categorical;35%;38%;7%;10%;100%;7%;9%;100%;22%;100%;No;No;No;Evaluation: I use evaluation rubrics
p25;Teacher questionnaire;Categorical;34%;37%;7%;10%;100%;7%;9%;100%;22%;100%;No;No;No;How are the students normally seated in your class?
p26;Teacher questionnaire;Categorical;34%;37%;100%;100%;100%;100%;100%;100%;100%;100%;No;No;No;How do you usually solve behavior problems in class?
p26a;Teacher questionnaire;Categorical;100%;100%;7%;10%;100%;8%;10%;100%;23%;100%;No;No;No;Degree of agreement: How do you solve behavior problems in class?: Students are sent to the principal
p26b;Teacher questionnaire;Categorical;100%;100%;7%;10%;100%;8%;10%;100%;23%;100%;No;No;No;Degree of agreement: How do you solve behavior problems in class?: Students are sent to the management team
p26c;Teacher questionnaire;Categorical;100%;100%;7%;10%;100%;7%;9%;100%;23%;100%;No;No;No;Degree of agreement: How do you solve behavior problems in class?: It is solved in the class, with the help of the rest of classmates
p26d;Teacher questionnaire;Categorical;100%;100%;7%;10%;100%;8%;10%;100%;22%;100%;No;No;No;Degree of agreement: How do you solve behavior problems in class?: It is solved in the class, individually
p27a;Teacher questionnaire;Categorical;35%;38%;7%;10%;100%;7%;9%;100%;23%;100%;No;No;No;Degree to which your teaching work is hampered by: Lack of materials
p27b;Teacher questionnaire;Categorical;35%;38%;7%;10%;100%;7%;9%;100%;23%;100%;No;No;No;Degree to which your teaching work is hampered by: Lack of computers
p27c;Teacher questionnaire;Categorical;35%;38%;7%;10%;100%;7%;9%;100%;23%;100%;No;No;No;Degree to which your teaching work is hampered by: Poor internet connection
p27d;Teacher questionnaire;Categorical;35%;38%;7%;10%;100%;7%;9%;100%;22%;100%;No;No;No;Degree to which your teaching work is hampered by: Insufficient computer software
p27e;Teacher questionnaire;Categorical;35%;38%;7%;10%;100%;7%;9%;100%;23%;100%;No;No;No;Degree to which your teaching work is hampered by: Lack of audiovisual materials
p27f;Teacher questionnaire;Categorical;35%;38%;7%;10%;100%;7%;9%;100%;23%;100%;No;No;No;Degree to which your teaching work is hampered by: Lack of library resources
p27g;Teacher questionnaire;Categorical;35%;38%;7%;10%;100%;7%;9%;100%;23%;100%;No;No;No;Degree to which your teaching work is hampered by: Lack of support staff
p27h;Teacher questionnaire;Categorical;35%;37%;7%;10%;100%;7%;9%;100%;23%;100%;No;No;No;Degree to which your teaching work is hampered by: Administrative bureaucracy
p28n;Teacher questionnaire;Continuous;37%;40%;7%;10%;100%;7%;9%;100%;23%;100%;No;No;No;Number of collective meetings with families during the academic year
p29a;Teacher questionnaire;Categorical;34%;37%;7%;10%;100%;7%;9%;100%;22%;100%;No;No;No;In meetings with families, they show interest in: Knowing scores
p29b;Teacher questionnaire;Categorical;34%;37%;7%;10%;100%;7%;9%;100%;22%;100%;No;No;No;In meetings with families, they show interest in: Finding out about difficulties in the learning process
p29c;Teacher questionnaire;Categorical;34%;37%;7%;10%;100%;7%;9%;100%;22%;100%;No;No;No;In meetings with families, they show interest in: Their children behavior
p29d;Teacher questionnaire;Categorical;35%;37%;7%;10%;100%;7%;9%;100%;23%;100%;No;No;No;In meetings with families, they show interest in: Classmates behavior
p29e;Teacher questionnaire;Categorical;34%;37%;7%;10%;100%;7%;9%;100%;22%;100%;No;No;No;In meetings with families, they show interest in: Assesment on the teaching-learning process methodology
p30a;Teacher questionnaire;Categorical;34%;37%;7%;10%;100%;7%;9%;100%;23%;100%;No;No;No;Degree of agreement: Families provide their children with the materials they need
p30b;Teacher questionnaire;Categorical;34%;37%;7%;10%;100%;7%;9%;100%;23%;100%;No;No;No;Degree of agreement: Families control that their children do their homework
p30c;Teacher questionnaire;Categorical;34%;38%;7%;10%;100%;7%;9%;100%;23%;100%;No;No;No;Degree of agreement: Families worry about their children class attendance
p31d;Teacher questionnaire;Categorical;34%;37%;100%;100%;100%;8%;9%;100%;23%;100%;No;No;No;How are the relationships: Between teachers and families
p32a;Teacher questionnaire;Categorical;34%;38%;7%;10%;100%;8%;9%;100%;23%;100%;No;Yes;No;Degree of agreement: The school works correctly
p32b;Teacher questionnaire;Categorical;36%;39%;7%;10%;100%;8%;9%;100%;23%;100%;No;Yes;No;Degree of agreement: It is a school of reference
p32c;Teacher questionnaire;Categorical;35%;38%;7%;10%;100%;8%;9%;100%;23%;100%;No;Yes;No;Degree of agreement: I would recommend this school
p32d;Teacher questionnaire;Categorical;35%;38%;7%;10%;100%;100%;100%;100%;100%;100%;No;Yes;No;Degree of agreement: I would like to continue in this school
p32e;Teacher questionnaire;Categorical;100%;100%;100%;100%;100%;8%;9%;100%;23%;100%;No;Yes;No;Degree of agreement: There is a good work environment in the school
p34a;Teacher questionnaire;Categorical;34%;37%;7%;10%;100%;8%;10%;100%;23%;100%;No;No;No;The management of the school: Promotes relationships between teachers, students and families
p34b;Teacher questionnaire;Categorical;35%;37%;7%;10%;100%;8%;9%;100%;23%;100%;No;No;No;The management of the school: Takes into account the opinions of teachers
p34c;Teacher questionnaire;Categorical;35%;37%;7%;10%;100%;8%;9%;100%;23%;100%;No;No;No;The management of the school: Promotes innovative ideas
p34d;Teacher questionnaire;Categorical;35%;38%;7%;10%;100%;8%;9%;100%;23%;100%;No;No;No;The management of the school: Creates a sense of identity
p34e;Teacher questionnaire;Categorical;35%;38%;7%;10%;100%;8%;9%;100%;23%;100%;No;No;No;The management of the school: Promotes teamwork
p34f;Teacher questionnaire;Categorical;35%;38%;7%;10%;100%;8%;9%;100%;23%;100%;No;No;No;The management of the school: Enhance teaching capacities
p34g;Teacher questionnaire;Categorical;35%;37%;7%;10%;100%;8%;9%;100%;23%;100%;No;No;No;The management of the school: Encourages the Training School Plan (PFC)
p41a;Teacher questionnaire;Categorical;100%;100%;7%;10%;100%;8%;9%;100%;23%;100%;No;Yes;No;Degree of agreement: Advantages of the teaching profession outweigh disadvantages
p41b;Teacher questionnaire;Categorical;100%;100%;7%;10%;100%;8%;9%;100%;23%;100%;No;Yes;No;Degree of agreement: I would choose the teaching profession again
p41c;Teacher questionnaire;Categorical;100%;100%;7%;10%;100%;8%;9%;100%;23%;100%;No;Yes;No;Degree of agreement: I would like to change to another school
p41d;Teacher questionnaire;Categorical;100%;100%;7%;10%;100%;100%;100%;100%;100%;100%;No;Yes;No;Degree of agreement: I regret dedicating to teaching
p41e;Teacher questionnaire;Categorical;100%;100%;7%;10%;100%;100%;100%;100%;100%;100%;No;Yes;No;Degree of agreement: I enjoy working in this school
p41f;Teacher questionnaire;Categorical;100%;100%;7%;10%;100%;100%;100%;100%;100%;100%;No;Yes;No;Degree of agreement: It is better to choose another profession
p41g;Teacher questionnaire;Categorical;100%;100%;7%;10%;100%;8%;9%;100%;23%;100%;No;Yes;No;Degree of agreement: I would recommend this school
p41h;Teacher questionnaire;Categorical;100%;100%;7%;10%;100%;8%;9%;100%;23%;100%;No;Yes;No;Degree of agreement: The teaching profession is highly valued by society
p41i;Teacher questionnaire;Categorical;100%;100%;7%;10%;100%;8%;9%;100%;23%;100%;No;Yes;No;Degree of agreement: I am satisfied with my work at the school
p41j;Teacher questionnaire;Categorical;100%;100%;7%;10%;100%;100%;100%;100%;100%;100%;No;Yes;No;Degree of agreement: I am satisfied with my job
p141;Teacher questionnaire;Categorical;34%;38%;7%;10%;100%;8%;9%;100%;23%;100%;No;No;No;Does the center have a Training School Plan (PFC) in which you participate?
p171n;Teacher questionnaire;Continuous;40%;41%;7%;10%;100%;8%;10%;100%;24%;100%;No;No;No;Hours of individual training carried out in the last 6 years
p172n;Teacher questionnaire;Continuous;100%;100%;15%;17%;100%;8%;11%;100%;24%;100%;No;No;No;Of the hours of individual training, how many have been through the CEU offer?
p299d;Teacher questionnaire;Categorical;100%;100%;100%;100%;100%;7%;9%;100%;22%;100%;No;No;No;In meetings with families, they show interest in: Discussing their child's relationship with other classmates
p311a;Teacher questionnaire;Categorical;34%;37%;7%;10%;100%;8%;9%;100%;23%;100%;No;No;No;How are the relationships: Between the students
p311b;Teacher questionnaire;Categorical;34%;37%;7%;10%;100%;8%;9%;100%;23%;100%;No;No;No;How are the relationships like: Between teachers
p311c;Teacher questionnaire;Categorical;34%;37%;7%;10%;100%;8%;9%;100%;23%;100%;No;No;No;How are the relationships: Between teachers and students
p311e;Teacher questionnaire;Categorical;35%;37%;7%;10%;100%;8%;9%;100%;23%;100%;No;No;No;How are the relationships: Between the management team and the families
p311f;Teacher questionnaire;Categorical;35%;37%;7%;10%;100%;8%;9%;100%;23%;100%;No;No;No;How are the relationships: Between the management team and the teaching staff
p311g;Teacher questionnaire;Categorical;34%;37%;7%;10%;100%;8%;9%;100%;23%;100%;No;No;No;How are the relationships: Between the management team and the students
p311h;Teacher questionnaire;Categorical;35%;38%;7%;10%;100%;8%;9%;100%;23%;100%;No;No;No;How are the relationships: Between the members of the management team
p331a;Teacher questionnaire;Categorical;35%;37%;54%;64%;100%;10%;9%;100%;25%;100%;No;No;No;Assessment of the work of: Director/Principal
p331b;Teacher questionnaire;Categorical;51%;54%;43%;47%;100%;33%;33%;100%;49%;100%;No;No;No;Assessment of the work of: Vice-director/Vice-principal
p331c;Teacher questionnaire;Categorical;36%;40%;54%;60%;100%;11%;14%;100%;27%;100%;No;No;No;Assessment of the work of: Head of studies
p331d;Teacher questionnaire;Categorical;36%;40%;53%;63%;100%;12%;11%;100%;26%;100%;No;No;No;Assessment of the work of: Secretary
p331e;Teacher questionnaire;Categorical;36%;38%;46%;56%;100%;10%;9%;100%;25%;100%;No;No;No;Assessment of the work of: Counselor
p331f;Teacher questionnaire;Categorical;39%;40%;32%;34%;100%;36%;33%;100%;41%;100%;No;No;No;Assessment of the work of: Inspector
p331g;Teacher questionnaire;Categorical;100%;100%;7%;10%;100%;8%;9%;100%;23%;100%;No;No;No;Evaluation of the work of: Adviser of the Teachers' Center
p331j;Teacher questionnaire;Categorical;100%;100%;100%;100%;100%;8%;9%;100%;23%;100%;No;No;No;Evaluation of the work of: Support teacher of NEAE
pfc;Teacher questionnaire;Categorical;100%;100%;100%;100%;100%;8%;9%;100%;23%;100%;No;No;No;Main topic of the Training School Plan (PFC)
rep;Teacher questionnaire;Categorical;100%;100%;100%;100%;100%;7%;9%;100%;22%;100%;No;No;No;Teacher of the same class group last year
;;;;;;;;;;;;;;;;
;;;;;;;. ;;;;;;;;;
;;;;;;;. ;;;;;;;;;